t,px_err_x,px_err_y,ee_x,ee_y,ee_z,ref_x,ref_y,ref_z
0.009831428527832031,2.0,-7.0,0.45690000000000003,0.19424999996498876,0.5665499999601586,0.45690000000000003,0.19424999996498876,0.5665499999601586
0.20113348960876465,4.0,-8.0,0.45729271287144757,0.19425000211172305,0.5686803149892177,0.4571748990100133,0.19425000146770277,0.5680412204805
0.3578801155090332,5.0,-8.0,0.47031509210447636,0.1949339276948466,0.5866129315098215,0.4663730341761374,0.19472874982670346,0.5810414182010251
0.4998929500579834,6.0,-8.0,0.4859208379851317,0.195219687568481,0.603964873916133,0.48005649684243346,0.19507240624594774,0.5970878372016006
0.6116681098937988,6.0,-8.0,0.4910196351733237,0.1954185859117916,0.61453836883403,0.48773069367405664,0.19531473201203842,0.6093032093443013
0.7546164989471436,6.0,-8.0,0.4925534259101984,0.19835737339839202,0.6194200313469297,0.49110660623935587,0.19744458098248593,0.6163849847461411
0.8974027633666992,6.0,-8.0,0.4925221533884778,0.19974073658592642,0.6185413315120709,0.49209748924374125,0.19905188990489428,0.617894427482292
1.041618824005127,6.0,-9.0,0.4926621679831523,0.1990211532378469,0.6175779443174819,0.492492764361329,0.1990303742379611,0.6176728892669249
1.1852059364318848,6.0,-9.0,0.4925309785516687,0.19913268304848716,0.6176482895803379,0.49251951429456675,0.19910199040532933,0.617655669486314
1.3287773132324219,6.0,-9.0,0.49253277263898876,0.19910806300844136,0.6176741126630021,0.49252879513566217,0.19910624122750775,0.6176685797099957
1.4872050285339355,6.0,-9.0,0.4922888613617282,0.19966856155237672,0.6179286607357126,0.49236084149390846,0.19949986545491602,0.6178506364279975
1.6305301189422607,6.0,-9.0,0.49240336333675544,0.19941122014283197,0.6178509506123645,0.49239060678390134,0.1994378137364572,0.6178508563570544
1.7889015674591064,6.0,-9.0,0.492324695527194,0.19958889318130119,0.6179088366301726,0.4923444689042062,0.19954356934784798,0.6178914425482371
1.946869134902954,6.0,-9.0,0.4923458314103941,0.19953833790248718,0.6178970254559223,0.49234542265853776,0.19953990733609542,0.6178953505836168
2.1065611839294434,6.0,-9.0,0.4923247873119141,0.19958844770103554,0.6179128028053323,0.4923309779159012,0.19957388559155348,0.6179075671388177
2.265700578689575,6.0,-9.0,0.4923160015651592,0.19961135608158212,0.6179235811373059,0.3926992933747704,0.06033612195022976,0.6578722701416453
2.408921003341675,6.0,-9.0,0.4923120591104969,0.19962403222513728,0.6179286359105348,0.36280978801243113,0.018564792857832645,0.6698616810424936
2.598841905593872,6.0,-8.0,0.4809592361231195,0.1912158045958813,0.6221825730791392,0.3538429364037293,0.006033394130113506,0.6734585043127481
2.756471872329712,6.0,-8.0,0.46615579955169467,0.17711605016114754,0.6313197948769269,0.3511528809211188,0.002273974511797764,0.6745375512938244
2.8993732929229736,6.0,-8.0,0.44617860108483687,0.1691497174955139,0.6489960372264211,0.35034586427633563,0.0011461486263030412,0.6748612653881474
3.027157783508301,7.0,-8.0,0.4267707839133381,0.1564867376254008,0.671175754816563,0.35010375928290066,0.0008078008606546242,0.6749583796164442
3.1861109733581543,7.0,-8.0,0.40995254779740886,0.13951183808398843,0.6881479613868564,0.35003112778487017,0.0007062965309600992,0.6749875138849333
3.3457589149475098,7.0,-8.0,0.3970427647436021,0.1183081332852507,0.699967410452512,0.35000933833546105,0.0006758452320517415,0.6749962541654799
3.5050418376922607,7.0,-8.0,0.38819246912258726,0.09252451302710203,0.7066028561119496,0.3500028015006383,0.0006667098423792343,0.6749988762496439
3.663426637649536,7.0,-8.0,0.38249325130731004,0.06155936423851982,0.7078543479244428,0.3500008404501915,0.0006639692254774821,0.6749996628748932
3.790437698364258,7.0,-8.0,0.3775332091020739,0.03310434834785232,0.7030520439469504,0.3500002521350574,0.0006631470404069564,0.6749998988624679
3.933497905731201,7.0,-8.0,0.37290525617699793,0.010447053346505582,0.6919044319410439,0.3500000756405172,0.0006629003848857987,0.6749999696587403
4.107837200164795,7.0,-12.0,0.36772360005767996,-0.006284615591014101,0.6854711154163522,0.24500002269215515,0.00019887011546573964,0.692499990897622
4.2669761180877686,9.0,-14.0,0.36297529656069233,-0.016822515466147835,0.681646924135384,0.21350000680764653,5.96610346397219e-05,0.6977499972692865
4.410052061080933,12.0,-16.0,0.34270440605612235,-0.018248434857274634,0.6791685562120432,0.20405000204229395,1.7898310391916573e-05,0.6993249991807859
4.552059650421143,17.0,-19.0,0.3160237485499866,-0.012969760368388004,0.6813951987936369,0.20121500061268818,5.369493117574973e-06,0.6997974997542358
4.694535493850708,20.0,-19.0,0.2877798297409001,-0.0017160073340349996,0.6877715831975687,0.20036450018380644,1.6108479352724922e-06,0.6999392499262707
4.837313175201416,22.0,-19.0,0.2670893476383136,0.004196188757802354,0.6928345667848261,0.2001093500551419,4.832543805817477e-07,0.6999817749778812
4.996369361877441,23.0,-20.0,0.25287660968958886,0.007002392401836015,0.6944231741364261,0.20003280501654258,1.4497631417452435e-07,0.6999945324933643
5.138637542724609,24.0,-21.0,0.2427950189016712,0.007930936268517453,0.6949210892695801,0.2,0.0,0.7
5.29566216468811,24.0,-20.0,0.23549412642438622,0.00778688203958179,0.6952564065413731,0.2,0.019745286490263442,0.7392522544932276
5.407413959503174,27.0,-21.0,0.229939390173227,0.007452348952072257,0.6955974477853786,0.2,0.03366638488659752,0.7661445592063774
5.566159725189209,31.0,-22.0,0.22665090921540826,0.01308391087629946,0.7059974909108025,0.2,0.053067322593173344,0.8014173086294527
5.754923343658447,37.0,-25.0,0.2223509239995363,0.021303387584296302,0.7251640258989858,0.2,0.07526574011275305,0.8367399688418675
5.898005485534668,43.0,-27.0,0.21596054437945975,0.03254478535346128,0.7517148058227847,0.2,0.09123778821667083,0.8572973456313037
6.056900978088379,48.0,-28.0,0.2078665723694472,0.045892935000095794,0.7808869136622185,0.2,0.107896766889379,0.8727275787351612
6.215893745422363,52.0,-28.0,0.20003761277809753,0.05827044665676198,0.8061315366481556,0.2,0.12323122005947515,0.8796470027482256
6.358445167541504,56.0,-28.0,0.19369736130169019,0.0700694202208678,0.8269478469746133,0.2,0.13568865190844911,0.8783150439484099
6.4862871170043945,58.0,-27.0,0.1895166464478874,0.08128050806722317,0.8423569223563333,0.2,0.14571578081218053,0.8710923573257393
6.644232749938965,60.0,-25.0,0.18778265925597368,0.09208707489798865,0.8520861970167926,0.2,0.1564857677913538,0.8546610972009511
6.819626331329346,61.0,-23.0,0.18806877704778557,0.102638730439857,0.8564976535269962,0.2,0.1662013646724582,0.827636395874237
7.01046085357666,61.0,-19.0,0.18989713442405118,0.11377013886109771,0.8546651670682883,0.2,0.17392610938108755,0.7896008350367507
7.201566696166992,60.0,-15.0,0.19305203938690674,0.12558431074899362,0.8452852337669363,0.2,0.17855612695455367,0.7451414314088979
7.37616491317749,57.0,-9.0,0.19670989281324153,0.13808923811142526,0.8272737663966612,0.2,0.17999815543106687,0.70162975802363
7.565968036651611,53.0,-3.0,0.20022032048898572,0.1498411330636926,0.8004293262698041,0.2,0.17851974437172863,0.6543050037082583
7.740277528762817,48.0,4.0,0.20259737612269,0.15975415628065492,0.7666036360919635,0.2,0.17438856459763427,0.6135923234741537
7.9307849407196045,43.0,9.0,0.20258666231045117,0.1656600860014788,0.7284055499963129,0.2,0.16691099602462128,0.5750302871102333
8.103185892105103,37.0,13.0,0.19997905030916435,0.16705024186652676,0.6910393359200968,0.2,0.15758471406831445,0.5476876541890773
8.28822636604309,32.0,15.0,0.19568039780498114,0.16410733160291338,0.6567097231830279,0.2,0.14502857704131317,0.5281978867404347
8.49962830543518,28.0,17.0,0.19119225542976098,0.1582888200866297,0.6288032465593004,0.2,0.12772403868144472,0.5200044123921652
8.67240571975708,24.0,18.0,0.18800237250007734,0.15047755079839134,0.6072546925896279,0.2,0.11148870944526854,0.5249426613423469
8.82984972000122,21.0,18.0,0.1872048065061451,0.14088235253578665,0.5916144862286637,0.2,0.09526923902482581,0.5383373917540659
9.002744436264038,19.0,18.0,0.1888017788469175,0.13063803940393706,0.5813810952929428,0.2,0.07613417262174588,0.5620228316719593
9.159690618515015,17.0,17.0,0.19228927144842076,0.11982935534584845,0.5754369827391806,0.2,0.05779198828947538,0.5905354300684719
9.317826747894287,15.0,16.0,0.19779477506433377,0.10766066156686228,0.5736247317280828,0.2,0.03860654079751032,0.6245838051099559
9.474859476089478,13.0,14.0,0.20491158325642891,0.09422895323053265,0.5757491543929056,0.2,0.01908676335071626,0.6620416909235992
9.600708246231079,13.0,11.0,0.2140415442357476,0.07902435161315118,0.582596098851656,0.2,0.003265589839427672,0.6934698952398942
9.759325504302979,12.0,7.0,0.22515670005197597,0.06152318474665455,0.5956659293538197,0.2,-0.016695971536659724,0.7332479879171026
9.917913436889648,13.0,2.0,0.23583485485820224,0.04289816137740947,0.6151815532295284,0.2,-0.036448295835966524,0.7713864819435914
10.059366226196289,14.0,-6.0,0.24572087793447225,0.02165791673971244,0.643392073524758,0.2,-0.05369509214500629,0.8025007378455873
10.232622385025024,17.0,-14.0,0.250788950736484,-0.0008303395497453906,0.6805785329775643,0.2,-0.07408599195645425,0.8350394478493118
10.420726537704468,20.0,-23.0,0.24860326528994237,-0.02154464923546137,0.7212871456006683,0.2,-0.09498279793183492,0.8613647303115533
10.576307773590088,23.0,-31.0,0.24171719111661047,-0.04150049012471709,0.7605849498639553,0.2,-0.11103898459057046,0.8747875034686321
10.70163106918335,25.0,-37.0,0.23314118336970457,-0.060947574349019484,0.7946166057458343,0.2,-0.12302422290322665,0.8796105830713485
10.842427015304565,26.0,-41.0,0.22497652201145837,-0.07874108211460772,0.8203646604254505,0.2,-0.13535631901005166,0.878450098808998
10.967747926712036,26.0,-45.0,0.21818088757016643,-0.09456482805480494,0.8383206532469004,0.2,-0.14523132325235433,0.8715963513280286
11.076791763305664,25.0,-47.0,0.21300046039183573,-0.10970417616262096,0.8496518085825076,0.2,-0.15291744860355447,0.8613346312128187
11.188660860061646,24.0,-48.0,0.2092090272538084,-0.12359751234576345,0.8552472390650048,0.2,-0.15987692009941112,0.8469099891792168
11.31296968460083,23.0,-49.0,0.20656531691484897,-0.13581752063463168,0.8561542526535683,0.2,-0.1664592248013311,0.8266814970735485
11.439036846160889,20.0,-49.0,0.2049877720202817,-0.1467573869420088,0.8525880055810244,0.2,-0.17184797525178713,0.8022615056839585
11.599021911621094,18.0,-48.0,0.2044144919438947,-0.15689400968710868,0.8440024091105361,0.2,-0.17675668434419667,0.7668057748614872
11.724985361099243,14.0,-46.0,0.20457250603573224,-0.16597347039270627,0.8303826151767559,0.2,-0.17906545002472604,0.7364466287884753
11.866355895996094,10.0,-44.0,0.20545238861204038,-0.1744727499768497,0.8092641910904043,0.2,-0.17999919747141901,0.7010750015235285
12.040313959121704,6.0,-41.0,0.2060499055407312,-0.18035771582256518,0.7845483595236958,0.2,-0.17873161403107563,0.6576386874429464
12.15058970451355,2.0,-37.0,0.20616735114662463,-0.18376083143786162,0.755712798354859,0.2,-0.17655440178475995,0.6312407298300128
12.277825355529785,-2.0,-33.0,0.20536462111598022,-0.18419982642089694,0.7218680333749753,0.2,-0.17273694704591055,0.602853353955235
13.528226613998413,-5.0,-29.0,0.20330106562254477,-0.18147013465937473,0.6915297319158459,0.2,-0.07182774762536344,0.568277651407004
13.640086650848389,-6.0,-23.0,0.2005108948351488,-0.1763944004405153,0.6636857922121195,0.2,-0.05869729013416298,0.5890226019884217
13.751099348068237,-5.0,-17.0,0.19214426326846681,-0.15437152182145303,0.6307123440707558,0.2,-0.045310466041418376,0.6122971658964519
13.89329743385315,-4.0,-12.0,0.18778195059957106,-0.12661214151724026,0.6066233459230999,0.2,-0.027774792133845854,0.64511571332997
14.05124807357788,-2.0,-9.0,0.1914960520530458,-0.09554991084827665,0.5923747429056275,0.2,-0.007981810266984184,0.6840520821120263
14.193918704986572,1.0,-6.0,0.19583059036757525,-0.07220523884884276,0.586838364037907,0.2,0.00998694013656843,0.7199431131460603
14.333802700042725,4.0,-5.0,0.20300293088799173,-0.05458543125488795,0.5906397402758626,0.2,0.02750922556986302,0.7543721297777737
14.491085529327393,9.0,-4.0,0.21326531248898065,-0.03900104220683574,0.6040183929511979,0.2,0.04688795563343408,0.790538477209107
14.633918523788452,17.0,-5.0,0.22394116260228486,-0.023254684722803936,0.6270881190918298,0.2,0.06400050187910265,0.8196366614278638
14.790003776550293,25.0,-7.0,0.23247992078998048,-0.005071743067929091,0.6599312481888338,0.2,0.08196392331286093,0.8459465836304848
14.9624662399292,36.0,-10.0,0.23442450965717773,0.014989428072952903,0.7013564776077628,0.2,0.10066708350599829,0.8669042625500436
15.104418277740479,45.0,-12.0,0.227434608806649,0.03638658367260246,0.748164952443464,0.2,0.11497342832230223,0.876926077371684
15.213862419128418,53.0,-14.0,0.21396205098243434,0.056241838865253774,0.7899106317112632,0.2,0.12523610900356322,0.8799086975736395
15.353625535964966,59.0,-15.0,0.19987946856489905,0.0723533863001611,0.8214739204601454,0.2,0.13726605404867578,0.8775901776368049
15.496211051940918,62.0,-15.0,0.18759403288891793,0.08465944178361037,0.8444967476665813,0.2,0.14818536828282955,0.8682425614957563
15.621753454208374,64.0,-14.0,0.17822301243942756,0.09505017837923826,0.8601498127869054,0.2,0.15658167084411695,0.8544619799654688
15.749045372009277,65.0,-13.0,0.17230997011519558,0.10440434391079689,0.8689847122206087,0.2,0.1638608514232469,0.8356326898284049
15.874391555786133,66.0,-11.0,0.1700639366322078,0.11304504776314875,0.8715029610315101,0.2,0.16975854638376456,0.8128896449667883
15.985218286514282,64.0,-7.0,0.1712468004018824,0.12157769136245303,0.8676269147326932,0.2,0.1738863989393934,0.7898676919230564
16.10956335067749,62.0,-3.0,0.17540681080072817,0.13027523111678854,0.857110426432462,0.2,0.17727162324946877,0.7614961806286717
16.23563814163208,59.0,2.0,0.1822322789094974,0.1390355228675801,0.8399323387193848,0.2,0.17933351390853877,0.7308363776925025
16.363368034362793,55.0,8.0,0.19030629670575752,0.14873697073185246,0.8152666133011764,0.2,0.1799990021736371,0.6988013131979072
16.49043917655945,50.0,13.0,0.19651321114851775,0.15794342751828677,0.7857056946189043,0.2,0.17923414798760587,0.6669676492254668
16.617785930633545,45.0,17.0,0.1991863717878902,0.16406170535143194,0.7554613921673682,0.2,0.17704585354508232,0.6361117108383274
16.74427604675293,40.0,21.0,0.1994129490480246,0.16709115431194366,0.7251664545109114,0.2,0.17348042634128888,0.6074662304029281
16.854427576065063,36.0,23.0,0.19792780909005583,0.16725929889620214,0.695843609951255,0.2,0.16926712149483555,0.5848491737763426
16.964466094970703,32.0,26.0,0.19531416058117257,0.16594215908726284,0.6688389255444072,0.2,0.16405382349769315,0.5649839727867243
17.090933084487915,28.0,28.0,0.19208021879756856,0.16331129997992513,0.6455778695923922,0.2,0.15686278500181866,0.546128045438575
17.21728754043579,25.0,30.0,0.18915524388468372,0.1598996254800256,0.6260000587879563,0.2,0.14845123303992935,0.5320933321138679
17.344419479370117,22.0,31.0,0.18695462799913373,0.1556545243077319,0.6092419786831721,0.2,0.13881675222723147,0.5232618791948618
17.470734357833862,19.0,32.0,0.18590809561573435,0.15079902367395173,0.5953228796315024,0.2,0.12815593055055083,0.5200171991272864
17.62542986869812,16.0,32.0,0.18617226886878818,0.1454482854615923,0.5839960865841746,0.2,0.1137449448077841,0.5236870119759944
17.75076913833618,14.0,32.0,0.18767737878102841,0.13968063528311003,0.5750072178055184,0.2,0.10108316888662519,0.532722095909288
17.861166954040527,11.0,32.0,0.1906234538427904,0.13158384615934998,0.5682277299638151,0.2,0.08928332501660964,0.5449484405515976
18.004138469696045,9.0,31.0,0.19411613481172363,0.12230204095426508,0.5637448009010593,0.2,0.07322053662007866,0.566222299264047
18.146786212921143,8.0,30.0,0.1976947174678956,0.11245000676031251,0.5613932383839725,0.2,0.056463719576312243,0.5927724227276838
18.320173978805542,6.0,29.0,0.2021526112593036,0.10097259465023083,0.5617990984985765,0.2,0.03535507113377535,0.6306672600271267
18.462887048721313,5.0,27.0,0.2077266139568203,0.08906303488223355,0.5653618738826299,0.2,0.01757654251606552,0.6650149091766108
18.588431358337402,5.0,25.0,0.2163369553530532,0.07484149360713235,0.5738697420788414,0.2,0.0017859828653913566,0.6964282101010663
18.728293895721436,6.0,20.0,0.2268319927508224,0.058960112278308247,0.5878966083000324,0.2,-0.01581624418588395,0.7315101378613191
18.83831787109375,7.0,15.0,0.23778195596187182,0.041812455357791115,0.608492050796511,0.2,-0.029565112245816746,0.7583271556052973
18.964000940322876,8.0,9.0,0.24728066992699074,0.02200911198473941,0.6378960977305981,0.2,-0.0450516144689325,0.7872354011556704
19.090266704559326,11.0,2.0,0.2510904272697987,0.002516375139565082,0.6723614613285621,0.2,-0.06025882332353306,0.8135637097808256
19.215935230255127,15.0,-6.0,0.24911200373296036,-0.016254155380928302,0.7096284918918601,0.2,-0.07492717515511228,0.8362542699005933
19.369632482528687,17.0,-12.0,0.2431176025175009,-0.03239677720182663,0.7453422427621512,0.2,-0.09206829414234516,0.8582265297403185
19.496538877487183,19.0,-17.0,0.23515906751877289,-0.04721310122855524,0.7767457601432615,0.2,-0.1054273933453342,0.8709025123406556
19.639240026474,21.0,-22.0,0.22759047514319447,-0.062288846245251474,0.8038876307982226,0.2,-0.11945109106158086,0.8787161179895193
19.79833698272705,21.0,-26.0,0.22113089845215328,-0.07665532889593404,0.8250761297526928,0.2,-0.13367613305406462,0.8790418286773373
19.94850206375122,21.0,-30.0,0.2155942401486233,-0.09179981367983749,0.8410556806487793,0.2,-0.14558595691983225,0.8712291328595061
20.103238344192505,20.0,-32.0,0.21151587679908815,-0.1072150314965204,0.8515183378611704,0.2,-0.15617580582584523,0.855297184926047
20.238953113555908,18.0,-34.0,0.20867119827637853,-0.12214847678140808,0.8562322148167933,0.2,-0.16396073403502737,0.8353144019827071
20.389654636383057,15.0,-35.0,0.20701139931546886,-0.1365035963543082,0.8547992870788159,0.2,-0.17087016923634424,0.8074554202332008
20.512304306030273,12.0,-35.0,0.20625679347924983,-0.1492935485159005,0.8479324295438475,0.2,-0.17509409039153503,0.7812008307341265
20.676718950271606,8.0,-34.0,0.20641875196630635,-0.16096461787403477,0.834555259312242,0.2,-0.17872877989082345,0.7424077731938711
20.80449891090393,4.0,-32.0,0.2068248524231052,-0.17018459052411886,0.8168956786033648,0.2,-0.17992183532237857,0.7106035363857441
20.957574605941772,-1.0,-30.0,0.20761814864015657,-0.17794375046322988,0.7916570558294791,0.2,-0.17945717347282952,0.6721469715582385
21.110572338104248,-6.0,-26.0,0.2073475276164764,-0.1825904320440831,0.7637238891043583,0.2,-0.17693580282584684,0.6349830456398899
21.257555723190308,-8.0,-23.0,0.2061236495880984,-0.18431226565941633,0.7320077479811854,0.2,-0.17260343737952852,0.6020588563281041
21.388129234313965,-12.0,-19.0,0.20416948859556155,-0.182432825174755,0.6990937103927447,0.2,-0.16722166108416148,0.5762370563843175
21.548837900161743,-15.0,-16.0,0.20139393288624347,-0.17723199462976166,0.6681487420341556,0.2,-0.1586870630112474,0.5501971874527278
21.720860719680786,-17.0,-12.0,0.1979667881352113,-0.17016354047513002,0.6415834560268461,0.2,-0.14733198395174696,0.5307182542556561
21.9011652469635,-18.0,-9.0,0.19434233561407535,-0.16123314244059103,0.618487830432374,0.2,-0.13314318729186225,0.5208015307563183
22.069937229156494,-19.0,-6.0,0.19102147886338075,-0.15092255103984986,0.5996021258896302,0.2,-0.11793783612820584,0.5218085210887348
22.213000774383545,-18.0,-3.0,0.18898316337715285,-0.13932562992710829,0.5852268984976181,0.2,-0.10375200038327895,0.5304344345243683
22.36432433128357,-18.0,-1.0,0.18817160984263867,-0.12726085728254535,0.5751703063438081,0.2,-0.08761884766289409,0.5469247196466125
22.499231815338135,-17.0,1.0,0.18777247559259927,-0.11588002778127873,0.5687132434338608,0.2,-0.07240195245338406,0.5674266230527318
22.62701988220215,-15.0,2.0,0.18794817192285757,-0.10434546269464146,0.5652316362914918,0.2,-0.05739079355440755,0.5912089427478788
22.774752855300903,-14.0,4.0,0.1887784198092183,-0.0931772620065996,0.564200087968252,0.2,-0.03947276151877551,0.6229760881813285
22.919023752212524,-13.0,5.0,0.19051139987400575,-0.08260277582220074,0.5653859154289366,0.2,-0.021566115601730128,0.6571784663206245
23.07623553276062,-11.0,6.0,0.19445698167396183,-0.07174425718323554,0.5694916192916897,0.2,-0.0018093333696360217,0.6963815160799006
23.253299951553345,-8.0,6.0,0.2012507185782947,-0.06102754040647459,0.5777837586584057,0.2,0.020456460295120212,0.7406478536343603
23.39531445503235,-3.0,5.0,0.21173700306568274,-0.04953810525197928,0.5934464156304436,0.2,0.03810409418333609,0.7744810814616547
23.577681303024292,4.0,4.0,0.22485683135572668,-0.03450031029604019,0.6195727101308774,0.2,0.06019055993391928,0.8134512696605313
23.71653389930725,13.0,3.0,0.23476674554827243,-0.015363909860538809,0.6561228694044722,0.2,0.07636880450219478,0.8383092817064022
23.86048722267151,24.0,1.0,0.23718108592144505,0.007856509678424698,0.7010953859306492,0.2,0.0923783289049971,0.8585694915567226
24.020131587982178,34.0,0.0,0.22871626130262407,0.03129862908147673,0.748813649256674,0.2,0.10903028351530104,0.8735053383492266
24.148744106292725,41.0,-1.0,0.2160773846749545,0.051017130889663864,0.7866855681266796,0.2,0.12146537010581253,0.8792813535006148
24.325644493103027,46.0,-1.0,0.20385070236244218,0.06735885310426798,0.815807874890378,0.2,0.13694275395839847,0.8777501950467128
24.482532262802124,50.0,0.0,0.19431520215079115,0.08064385869563764,0.837042991828435,0.2,0.1489212270050869,0.8672984739217215
24.642932176589966,52.0,1.0,0.1879822052802932,0.09302546038945271,0.8508130468572151,0.2,0.15931186691995117,0.8483084146527924
24.801764726638794,54.0,3.0,0.18492470671703534,0.1044699426180602,0.857352630425948,0.2,0.16762434375506188,0.8221613408654063
24.974404335021973,53.0,6.0,0.18479945052718005,0.11572677278346115,0.8564772157618876,0.2,0.17430897729784475,0.7869688009826955
25.134960889816284,52.0,11.0,0.18678305620277083,0.12706211298203446,0.848104239508653,0.2,0.1782453889139917,0.7496542622237763
25.32591223716736,49.0,16.0,0.19028500468340817,0.13822528769300346,0.8314971955477152,0.2,0.1799966788811614,0.7021868220170538
25.484493732452393,44.0,21.0,0.19453837855300862,0.14897369162582352,0.806684787702543,0.2,0.17900993633666828,0.6625010226690626
25.67671537399292,38.0,27.0,0.19823041001717345,0.15845931857353596,0.7729808397499895,0.2,0.1748627388389714,0.6170434295872738
25.867831230163574,32.0,31.0,0.19994938392694536,0.16408315074983,0.7348934275994494,0.2,0.16760526777613946,0.5777618119147829
26.02535843849182,26.0,34.0,0.19843981696779125,0.16484009641241323,0.6960145062403346,0.2,0.1593640342895978,0.5518187985546066
26.217546463012695,21.0,36.0,0.19454564218131645,0.16223273518602774,0.6606279620234498,0.2,0.14669977353783634,0.5299858986656893
26.405505180358887,16.0,38.0,0.18991680368379268,0.1572003074603524,0.6323723946201645,0.2,0.13174810835799994,0.5204601060679173
26.58251976966858,12.0,38.0,0.18647966665971133,0.14938215396984922,0.6100770659239538,0.2,0.11557955672306577,0.522790269033274
26.77411961555481,9.0,38.0,0.18520207461243907,0.140055157500469,0.593912143446856,0.2,0.09608975333521623,0.5374948187718898
26.96506667137146,7.0,38.0,0.18637071601317667,0.12973023674549342,0.5830686450506117,0.2,0.07494885301018839,0.563714575254935
27.13254165649414,5.0,37.0,0.189889539943312,0.11906785859952457,0.5769957823654411,0.2,0.055292750922100266,0.5947612184273565
27.32788324356079,3.0,36.0,0.19588162880113766,0.10721480062097945,0.5754717182923929,0.2,0.031426540275829605,0.6381122871602495
27.47188639640808,2.0,34.0,0.20383187375130893,0.09413225524594585,0.5782773885566826,0.2,0.013431536659083658,0.6732118191095929
27.646976709365845,3.0,30.0,0.2153205150517761,0.07800974837686969,0.5876429792396642,0.2,-0.00861405541134557,0.7172083717457236
27.821011543273926,2.0,25.0,0.22763117469619892,0.06036783258342043,0.6032462631571293,0.2,-0.030399339517989937,0.7599253500975534
27.980843544006348,3.0,19.0,0.24041639522196387,0.03846669675517602,0.6278951581455989,0.2,-0.050017440021155456,0.7960952401470145
28.13997793197632,5.0,11.0,0.24973710450583475,0.01312709644162559,0.6623331014953904,0.2,-0.06892890070467006,0.8273494397147358
28.31508731842041,10.0,2.0,0.25112097422525304,-0.011806304833956387,0.7055651155408992,0.2,-0.08874266504940902,0.8544159501785379
28.489593505859375,12.0,-6.0,0.2454850070735466,-0.03424860175905486,0.7475140642236701,0.2,-0.10716368195312677,0.8722042500328739
28.616827249526978,14.0,-12.0,0.2367131937544731,-0.05432889771109287,0.784132771804396,0.2,-0.11960260084002174,0.8787639830381594
28.792438507080078,15.0,-17.0,0.2281280371741052,-0.07290011622154485,0.8129435251257838,0.2,-0.13519451961623544,0.8785136686673609
28.967146158218384,15.0,-21.0,0.22093447339046213,-0.08910160163103059,0.8332833941272072,0.2,-0.1486819048808077,0.8676104816761727
29.11070704460144,14.0,-24.0,0.21559523258756919,-0.10577694589355903,0.8462220355526825,0.2,-0.15811039557512016,0.8511353772423009
29.2535400390625,12.0,-26.0,0.21191921469449743,-0.12237363094826263,0.8515231706964456,0.2,-0.16590795712965803,0.8287039750579803
29.380794525146484,10.0,-27.0,0.20952917396161713,-0.1373126229087211,0.8503192758156294,0.2,-0.17146119332805387,0.804366378210712
29.55632519721985,6.0,-27.0,0.2083275395079974,-0.15059490352909247,0.842752847459292,0.2,-0.1768827231548552,0.765553118244062
29.730223417282104,2.0,-26.0,0.20742356491403224,-0.1618819585337362,0.830041879517984,0.2,-0.17962397099338523,0.7232090184405626
29.890293836593628,-3.0,-24.0,0.2072322152583829,-0.1721944876582825,0.8089040002753963,0.2,-0.17979783106888772,0.6829616154063982
30.05046796798706,-8.0,-21.0,0.20764174939438765,-0.1800125584509114,0.7795648669666143,0.2,-0.17771460693831562,0.643541490914321
30.209091186523438,-12.0,-18.0,0.20737245353731343,-0.18379632873273857,0.7460236828246062,0.2,-0.17345194595507546,0.6072832962514635
30.352163553237915,-16.0,-14.0,0.20601589354496666,-0.1833533506460338,0.7108080348534923,0.2,-0.1677727559330703,0.5784399141300318
30.542515993118286,-20.0,-10.0,0.20335291221376312,-0.17889110876221082,0.6769773524687052,0.2,-0.15762229568472982,0.5477706251642824
30.749789237976074,-22.0,-6.0,0.19974608876601746,-0.17178426748478265,0.647577249535646,0.2,-0.14339887672474025,0.5266516546743091
30.92475914955139,-23.0,-3.0,0.19570034693355298,-0.16180261733771126,0.6215347596225352,0.2,-0.1290326146978068,0.5200692775399841
31.099934816360474,-24.0,1.0,0.1919566885653948,-0.14948472589967668,0.6005102961292131,0.2,-0.1127129292126952,0.5242408307346457
31.259734869003296,-24.0,3.0,0.18910900143643375,-0.13692615009691705,0.585519874856378,0.2,-0.09634258376377086,0.5372384150218086
31.40298628807068,-23.0,5.0,0.1873519578984473,-0.12421521401333394,0.5755402544735424,0.2,-0.08063754914778101,0.5558135499668221
31.57850456237793,-22.0,7.0,0.1866045548004134,-0.11177677502604882,0.569590048829891,0.2,-0.06030742460441497,0.5863562716050004
31.737464666366577,-21.0,9.0,0.1867650318049183,-0.09994465143759067,0.5667431967798257,0.2,-0.041102012927383406,0.6199677721912219
31.897157907485962,-19.0,10.0,0.18833584353311233,-0.08757781346900599,0.5669448274050122,0.2,-0.021296498954268044,0.6577061648319585
32.0721869468689,-17.0,11.0,0.19180022018426254,-0.0758453241770938,0.5703151857900157,0.2,0.0007071572261111717,0.701414303537703
32.21522855758667,-13.0,11.0,0.19870574248479486,-0.06437588895343008,0.5783405299262302,0.2,0.018696618086222517,0.7371909713633971
32.359071493148804,-9.0,11.0,0.2101161566876493,-0.05207766245285056,0.5946648867387295,0.2,0.03659764987752117,0.7716664171302459
32.55033302307129,-2.0,10.0,0.22317736211613523,-0.03733218486368774,0.6220137076532908,0.2,0.059795292321089426,0.8127990776889341
32.71001744270325,7.0,8.0,0.23268266873527965,-0.01796221860769857,0.6604811934133921,0.2,0.07836024392242667,0.8410905478383257
32.88482141494751,18.0,6.0,0.2338993733803003,0.0061854072996256745,0.7076233428473571,0.2,0.09755358931424081,0.8639683567701051
33.04435086250305,27.0,4.0,0.22527852030515244,0.030110143919106984,0.7536241440195416,0.2,0.1138035372626874,0.8763433770007707
33.236409425735474,33.0,4.0,0.21264145498229858,0.05134266652014219,0.7912186635094858,0.2,0.1314691715850665,0.879596472850247
33.41187644004822,38.0,4.0,0.20053269719903147,0.06804170160905632,0.8197557906238686,0.2,0.14554192059901383,0.8712752407293543
33.57118606567383,41.0,5.0,0.19075280544520534,0.08296273501281447,0.8400644457053691,0.2,0.15642447928434308,0.8547877722747392
33.74650812149048,43.0,6.0,0.18357545770120756,0.09563756890568983,0.8524786687947729,0.2,0.16615026507405115,0.8278237616512869
33.921146869659424,44.0,9.0,0.17935030619571948,0.10789040890635127,0.8575648692372194,0.2,0.17335355225956967,0.7933447214227225
34.09609031677246,43.0,12.0,0.17759436306263443,0.12009337422214003,0.8549120925859283,0.2,0.17797515280816908,0.7532401700160057
34.27137041091919,41.0,16.0,0.1779915027001095,0.1320161222306108,0.8443140787980263,0.2,0.1799322421782552,0.7098731691221052
34.415793657302856,38.0,20.0,0.18021438911739807,0.14247396422069394,0.8254627956740426,0.2,0.17951193846796376,0.6735792723035182
34.62222695350647,34.0,25.0,0.1838126695212076,0.15110802087405892,0.7982901824953008,0.2,0.17573350791500525,0.623930610902284
34.79699492454529,28.0,31.0,0.18891896735093633,0.15752241683629611,0.7631628616996287,0.2,0.16966592984341883,0.5866779312745504
34.987749099731445,21.0,35.0,0.19228265517786433,0.16081569576648524,0.7192829158430745,0.2,0.16015280754480019,0.553789481433975
35.146623849868774,15.0,39.0,0.19128074297194414,0.15974995751691776,0.6773621723819199,0.2,0.1500444984161257,0.5342314596053694
35.3210723400116,11.0,39.0,0.18745436377914548,0.1548636273716021,0.6433751827977948,0.2,0.13681533594436565,0.5221883784434757
35.49622416496277,7.0,41.0,0.18379917257078393,0.1482781506623174,0.6179463098756369,0.2,0.12148316403356015,0.5207143478832807
35.65565848350525,4.0,41.0,0.181830266288347,0.14066667689743256,0.6002117639972715,0.2,0.10593460235659471,0.5287082808910443
35.831202268600464,2.0,41.0,0.18234479061609937,0.1322594308003606,0.5880491122511317,0.2,0.08729844150701158,0.547311716737956
35.990421295166016,0.0,41.0,0.1851354282358517,0.12329629534089899,0.5802975148458952,0.2,0.06924885113112754,0.5721617650256077
36.18102478981018,-2.0,40.0,0.190216525793876,0.11303323647605994,0.576493623942993,0.2,0.04653146053010078,0.6101003726508563
36.35495972633362,-4.0,38.0,0.1969957530410335,0.1015250212416168,0.5763283848155851,0.2,0.02506839581004855,0.6503518112094735
36.530296325683594,-5.0,36.0,0.2067849703618053,0.0873042513806081,0.5813544097303753,0.2,0.003057589809209795,0.6938857026972419
36.72142457962036,-5.0,32.0,0.2189570698132331,0.07037547655552596,0.5926670019351312,0.2,-0.020976650429803314,0.7416674460510467
36.912710666656494,-4.0,26.0,0.23276645829175976,0.05010964995882462,0.6126717569937243,0.2,-0.04465524010703678,0.7865184875679933
37.11924767494202,-3.0,19.0,0.24558496752680015,0.025105143466947068,0.6418038015676752,0.2,-0.06931174401087932,0.8279341411404848
37.29471254348755,0.0,9.0,0.25287842880945344,-0.002291919622854131,0.6809952066640954,0.2,-0.08914208323754097,0.8548861062862322
37.469481229782104,5.0,0.0,0.2516172238232437,-0.02933152301066344,0.7284963902674843,0.2,-0.10755898452010583,0.8724884101901238
37.64422392845154,7.0,-8.0,0.24321147039935012,-0.05177536455059542,0.7724161134088348,0.2,-0.12436573245588088,0.8798155672695218
37.83361339569092,8.0,-13.0,0.23326134924881073,-0.07169047826166165,0.8060313934087776,0.2,-0.14047529171124756,0.8756665392983947
38.007819414138794,9.0,-18.0,0.22432445981423266,-0.08990470803313753,0.8300528905854536,0.2,-0.15312251720525075,0.8609877540375528
38.182196617126465,8.0,-21.0,0.2170774193951773,-0.10730742037046437,0.8451245596685382,0.2,-0.16350459248964488,0.8367524905539985
38.357635498046875,5.0,-23.0,0.21185682055947938,-0.1236398547821311,0.8512719030469549,0.2,-0.17149421609531926,0.8041893268014033
38.5493381023407,2.0,-23.0,0.2086092122384842,-0.13892897605388813,0.8486396761940114,0.2,-0.17726784598935996,0.7615370980803099
38.75704312324524,-2.0,-23.0,0.20707735572624753,-0.1529167518745541,0.837156825432414,0.2,-0.17992399661756725,0.7104560690243276
38.93269658088684,-8.0,-21.0,0.2066917633642846,-0.16493554153978643,0.8164392648154046,0.2,-0.17920709434088886,0.6663956189807639
39.1229305267334,-14.0,-18.0,0.20673958094596417,-0.17403091908064988,0.7862248202279912,0.2,-0.17537983162212306,0.6210390382132192
39.32978677749634,-20.0,-13.0,0.20670681803290974,-0.18006747249950456,0.7471985907729106,0.2,-0.1676975917583413,0.5781346542304593
39.5049934387207,-24.0,-9.0,0.20512700771313858,-0.18043026751669344,0.703741247261139,0.2,-0.15843673986633128,0.549613327375427
39.694252729415894,-27.0,-4.0,0.2015863739286172,-0.17406915846629656,0.6637504342582641,0.2,-0.14576394184646907,0.5289587041258418
39.885437965393066,-29.0,0.0,0.19740535298958586,-0.16372362472964014,0.6315971426873449,0.2,-0.13036932494437178,0.5202175086997235
40.04437613487244,-29.0,3.0,0.19313706239653053,-0.15141031164392257,0.6074526060584233,0.2,-0.11578344991888337,0.5226976889372976
40.22039985656738,-29.0,6.0,0.19013331811843118,-0.13801926021438704,0.5902488654587357,0.2,-0.09796692639429179,0.5356279287453156
40.394341707229614,-28.0,8.0,0.1880325222796062,-0.12546731489046045,0.5789181309879468,0.2,-0.07890077316569818,0.558166330064218
40.56931734085083,-27.0,10.0,0.1873834098319847,-0.11252904506004295,0.572112608901043,0.2,-0.05854317521066489,0.5892794527426455
40.727736711502075,-26.0,12.0,0.18803694657984796,-0.09936996067266803,0.569040868734392,0.2,-0.039346642256230725,0.6232098148525073
40.90149283409119,-24.0,13.0,0.19025992704875483,-0.086215350019023,0.5693925696065606,0.2,-0.01774478609033145,0.6646833004844694
41.10675072669983,-22.0,14.0,0.19454674283765575,-0.07386938987084825,0.573281610828305,0.2,0.008086117820379601,0.716155909089377
41.28185224533081,-19.0,15.0,0.20223889010798038,-0.06178202785891031,0.5826906345667386,0.2,0.030010823510313794,0.7591815319122466
41.45665669441223,-14.0,14.0,0.21471385131197906,-0.047984001126023905,0.6019145938014101,0.2,0.05144935276906115,0.7986058146394465
41.6162805557251,-5.0,12.0,0.2281158392494613,-0.030220324720374725,0.6324281510181448,0.2,0.07036194863329183,0.8295269575841001
41.775309324264526,5.0,10.0,0.23645862883507515,-0.007993403905856091,0.6723169894354338,0.2,0.08833165809171338,0.853928670524815
41.941153049468994,15.0,8.0,0.23502968848919564,0.016962920119336335,0.7197524141199364,0.2,0.10590341504178034,0.871267998744572
42.11626672744751,24.0,6.0,0.2232980933523559,0.04060745707547814,0.7668862373614889,0.2,0.1229054409302218,0.8795889034178984
42.24417281150818,30.0,5.0,0.20943907269033055,0.05974475235017538,0.8029721412874256,0.2,0.13417185303186527,0.8788828451437236
42.37201285362244,35.0,5.0,0.1963520112721447,0.07633614640914617,0.8298989448720518,0.2,0.1443584399827896,0.8724608906342092
42.5950403213501,38.0,5.0,0.18577281690574785,0.08908045815189192,0.8488688823451841,0.2,0.15932067062865046,0.8482869730021336
42.75444555282593,39.0,6.0,0.1784960440951453,0.09967534614767781,0.8608036579065013,0.2,0.16765750859533068,0.8220275023601269
42.92933392524719,40.0,8.0,0.17344772969908961,0.11053307332126894,0.864170188046444,0.2,0.17440200514588122,0.7863124207238681
43.15261483192444,39.0,12.0,0.1714203755216171,0.12138445621412523,0.8604566098566939,0.2,0.17920950537607871,0.7335538147352827
43.376492977142334,37.0,16.0,0.17179119247853777,0.13215552737092182,0.8489478597732051,0.2,0.17964334714717486,0.6773938036477414
43.5679714679718,34.0,21.0,0.17319441427184412,0.1423207007147418,0.827955163660451,0.2,0.17651860558885454,0.6309019657944551
43.743250608444214,28.0,26.0,0.17566406646933153,0.1503853166704684,0.7979437146159242,0.2,0.1708798298860142,0.5925938956235761
43.951231241226196,22.0,31.0,0.17974519488685017,0.1549618732679286,0.7598789860782967,0.2,0.16086543381501506,0.5556485945307785
44.15712881088257,15.0,37.0,0.1841189179206903,0.15579674175023184,0.7134216577752431,0.2,0.14759783394350304,0.5310356791066553
44.36393451690674,7.0,40.0,0.18375751391542397,0.15219777484090116,0.6652497699568137,0.2,0.13119117450634926,0.520350949907181
44.55364727973938,3.0,41.0,0.17942957134578927,0.14488912654213096,0.6260825264830332,0.2,0.11371756219108202,0.5237012530587396
44.75966477394104,-1.0,43.0,0.17473452844706194,0.13577826801576684,0.5961443196458832,0.2,0.09248500470304928,0.5413129984361689
44.95014667510986,-5.0,43.0,0.17236761590490765,0.12615875805144747,0.5756856402499877,0.2,0.07113466481853656,0.5693116367286886
45.15684461593628,-7.0,43.0,0.17448119252846078,0.11578794151706408,0.5636274084537839,0.2,0.046550835679054096,0.6100656218883382
45.33167290687561,-9.0,42.0,0.18143231299774337,0.10426150808663978,0.5593146616390227,0.2,0.024976788549863488,0.6505296714399931
45.47542381286621,-10.0,40.0,0.19325696141536636,0.09004166461040808,0.5620859929984119,0.2,0.006943305744755924,0.6861237236299434
45.65151047706604,-10.0,36.0,0.20846434154742738,0.0730690763095823,0.5726267944064686,0.2,-0.015223682813410121,0.7303382736277659
45.81022000312805,-9.0,31.0,0.2246686830659556,0.05391291515860702,0.5920637499701394,0.2,-0.035014617139243025,0.7686914960360997
45.95351481437683,-8.0,24.0,0.240463939451418,0.031084235999599967,0.6205198173716732,0.2,-0.052519180586656444,0.8004678820764067
46.0972158908844,-6.0,15.0,0.25076092748624584,0.006105631104638083,0.6588581286977921,0.2,-0.06954298965210401,0.828286269637187
46.25646781921387,-2.0,6.0,0.25158379756990007,-0.017579164009428785,0.7055485121290157,0.2,-0.0875807074872295,0.853029323496025
46.41651892662048,1.0,-2.0,0.2451241803299929,-0.038267717295930884,0.7482508416499664,0.2,-0.10461314896024436,0.8702625161711579
46.54442024230957,3.0,-8.0,0.23597836482199094,-0.05636720058865803,0.7843451530044421,0.2,-0.11729103452703518,0.8779418213891574
46.716269969940186,4.0,-12.0,0.22728418460883654,-0.07325528964174989,0.8126016704819579,0.2,-0.13282871783170552,0.8792840353975495
46.90084266662598,4.0,-16.0,0.22008013507366334,-0.08854779367369567,0.8328891471442527,0.2,-0.14737285119955007,0.8692333177172515
47.07630777359009,3.0,-19.0,0.21468883299210095,-0.10459638402566002,0.846244989769123,0.2,-0.1589247475904052,0.8492406231969618
47.251893520355225,0.0,-21.0,0.21097093200186243,-0.1212117039402417,0.8520150073029871,0.2,-0.16808753704441642,0.8202646585917243
47.39560413360596,-3.0,-22.0,0.2087077568461476,-0.13726281988828334,0.8500012434314471,0.2,-0.17370468915138013,0.7910747591417104
47.57149052619934,-7.0,-22.0,0.20776733216108562,-0.15217097293464898,0.8398154260243622,0.2,-0.17818489463303358,0.7504815788122728
47.73107385635376,-11.0,-21.0,0.20749716637069954,-0.16433964871083073,0.8236039871116679,0.2,-0.17991669632246482,0.7109461663141183
47.868293046951294,-16.0,-19.0,0.20789908511508898,-0.17451241833805334,0.7989306546687476,0.2,-0.17961249841408494,0.6764414706854511
48.04867124557495,-21.0,-16.0,0.20797295614440992,-0.18115345133593933,0.7686223733532822,0.2,-0.17669608072879797,0.6326018013302519
48.256046772003174,-25.0,-12.0,0.20704400344852153,-0.1836884461115385,0.736643619331966,0.2,-0.16987181066693785,0.5876432448149733
48.43105721473694,-28.0,-8.0,0.20501506721486815,-0.18226771913426734,0.7012767725101838,0.2,-0.16132431029617636,0.5568869481465873
48.6065034866333,-31.0,-3.0,0.20167826399009675,-0.17609798377485916,0.665162600495204,0.2,-0.15032847812343098,0.534635732772044
48.74976301193237,-33.0,0.0,0.19774924085477275,-0.16640218265467407,0.6346464975774542,0.2,-0.1396617988035123,0.5237866712530085
48.925195932388306,-33.0,3.0,0.19365095591459103,-0.15505159787673953,0.6105738581253447,0.2,-0.12470023818131609,0.5201448819699799
49.037269830703735,-33.0,6.0,0.19022397338076727,-0.14407442943644122,0.5931336834176759,0.2,-0.1141435516544258,0.5234825312478357
49.21170449256897,-33.0,8.0,0.1878417267023365,-0.13240354340075267,0.5806003949277693,0.2,-0.09634134881896475,0.5372396637056787
49.371103286743164,-32.0,10.0,0.18639761779509814,-0.12236553757786495,0.5722483117426543,0.2,-0.0788121352776346,0.558287839785148
49.546632289886475,-31.0,12.0,0.18597499282940916,-0.11094805333702121,0.5671421885360953,0.2,-0.058383973096832735,0.5895450790983678
49.705567359924316,-30.0,13.0,0.1864173659003825,-0.09912602118358474,0.5649411588421186,0.2,-0.03911894508577718,0.6236320932065671
49.86407494544983,-28.0,15.0,0.18858932256864305,-0.0864544033979257,0.5657080870637052,0.2,-0.019423768031431175,0.661379306885786
50.02268886566162,-26.0,16.0,0.1928845007031059,-0.07420882070838777,0.5696615227530029,0.2,0.0005236894896349994,0.7010473745464766
50.198121547698975,-24.0,16.0,0.20028393226357646,-0.062476139486396035,0.578300942598003,0.2,0.022568654148402905,0.7447811123642084
50.356499433517456,-18.0,15.0,0.21146103174335085,-0.05033916310460455,0.5948025704668362,0.2,0.04218770592589635,0.7820252181663385
50.49929237365723,-12.0,13.0,0.22496912165834204,-0.0346391213942156,0.6219285219589543,0.2,0.05943878540910005,0.8122092022085279
50.643117904663086,-3.0,11.0,0.23508160574649062,-0.014238344836895922,0.6595304456638055,0.2,0.07621439354273081,0.8380908218519647
50.8178334236145,8.0,9.0,0.23626734619750225,0.00861576532680815,0.7048964768086865,0.2,0.09553886484073537,0.8619412386879399
50.976736068725586,18.0,7.0,0.22740447097577984,0.0319074997791189,0.7511994680697416,0.2,0.11188219506514874,0.8752881643608255
51.11988711357117,25.0,6.0,0.21498095851937982,0.0522889177315667,0.7892926257293423,0.2,0.12542681203929323,0.879924836334764
51.29520082473755,30.0,5.0,0.20324588952771433,0.0690860193418322,0.8178081321930935,0.2,0.14028750878283774,0.8757964336282694
51.470181703567505,34.0,6.0,0.193700356578025,0.08276676199920277,0.838415486464701,0.2,0.15301603040071737,0.8611684061253824
51.63030695915222,37.0,7.0,0.18724265998314904,0.09516026912400327,0.8514875010057421,0.2,0.1626589346512626,0.8393170698385325
51.789021492004395,37.0,9.0,0.1837842058052311,0.10727607946132295,0.8569207738344373,0.2,0.17020262756782295,0.8107741075381361
51.93268418312073,37.0,12.0,0.1829289198218739,0.11906385519752183,0.8548968050054677,0.2,0.17522335086262772,0.7801976968327785
52.09153199195862,36.0,16.0,0.18441240102779155,0.1309065660052644,0.8453843952219631,0.2,0.1787120807655644,0.7426804233079651
52.25032663345337,33.0,21.0,0.1879976675501468,0.14232567083494582,0.8284457545269398,0.2,0.1799934354285358,0.7030744302011316
52.39348101615906,30.0,27.0,0.1925641063194309,0.15291752557978122,0.8033042401115844,0.2,0.17924426453878337,0.6671842313963392
52.552873373031616,25.0,32.0,0.19734050821474916,0.1618335639061281,0.7697971222770753,0.2,0.17629511370652787,0.6288311184289311
